1,Melissa,Molina,56910000002
2,George,Molina,56910000003
3,Jeremy,Molina,56910000004
4,Doris,Molina,56910000005
5,Linda,Molina,56910000006
6,Marilyn,Molina,56910000007
7,Marie,Molina,56910000008
8,Patrick,Molina,56910000009
9,Amanda,Molina,56910000010
10,Joseph,Molina,56910000011
11,Andrew,Molina,56910000012
12,John,Molina,56910000013
13,Gregory,Molina,56910000014
14,Angela,Molina,56910000015
15,Helen,Molina,56910000016
16,Amy,Molina,56910000017
17,Linda,Molina,56910000018
18,Ryan,Molina,56910000019
19,Kathryn,Molina,56910000020
20,Anna,Molina,56910000021
21,Andrew,Molina,56910000022
22,Anne,Molina,56910000023
23,Bonnie,Molina,56910000024
24,Janice,Molina,56910000025
25,Sharon,Molina,56910000026
26,Clarence,Molina,56910000027
27,Cheryl,Molina,56910000028
28,Nancy,Molina,56910000029
29,Theresa,Molina,56910000030
30,Carol,Molina,56910000031
31,Roger,Molina,56910000032
32,Louise,Molina,56910000033
33,Kevin,Molina,56910000034
34,Maria,Molina,56910000035
35,Denise,Molina,56910000036
36,Jack,Molina,56910000037
37,Dorothy,Molina,56910000038
38,Debra,Molina,56910000039
39,Teresa,Molina,56910000040
40,Ruby,Molina,56910000041
41,Robert,Molina,56910000042
42,Cynthia,Molina,56910000043
43,Nicholas,Molina,56910000044
44,Bobby,Molina,56910000045
45,Shawn,Molina,56910000046
46,Brandon,Molina,56910000047
47,Eugene,Molina,56910000048
48,Irene,Molina,56910000049
49,Harold,Molina,56910000050
50,Karen,Molina,56910000051
51,Carlos,Molina,56910000052
52,Willie,Molina,56910000053
53,Denise,Molina,56910000054
54,Mary,Molina,56910000055
55,Emily,Molina,56910000056
56,Jack,Molina,56910000057
57,Andrew,Molina,56910000058
58,Eric,Molina,56910000059
59,Shawn,Molina,56910000060
60,Roy,Molina,56910000061
61,Bobby,Molina,56910000062
62,Lawrence,Molina,56910000063
63,Lawrence,Molina,56910000064
64,Bonnie,Molina,56910000065
65,Lisa,Molina,56910000066
66,Linda,Molina,56910000067
67,Jesse,Molina,56910000068
68,Antonio,Molina,56910000069
69,Steven,Molina,56910000070
70,Chris,Molina,56910000071
71,Dennis,Molina,56910000072
72,Brian,Molina,56910000073
73,Anthony,Molina,56910000074
74,Ann,Molina,56910000075
75,Lillian,Molina,56910000076
76,Jerry,Molina,56910000077
77,Gerald,Molina,56910000078
78,Cheryl,Molina,56910000079
79,Nicholas,Molina,56910000080
80,Timothy,Molina,56910000081
81,Jeremy,Molina,56910000082
82,Sara,Molina,56910000083
83,Steven,Molina,56910000084
84,Amanda,Molina,56910000085
85,Betty,Molina,56910000086
86,Marie,Molina,56910000087
87,Charles,Molina,56910000088
88,Kelly,Molina,56910000089
89,Jose,Molina,56910000090
90,Jose,Molina,56910000091
91,Diane,Molina,56910000092
92,Kevin,Molina,56910000093
93,Alice,Molina,56910000094
94,Douglas,Molina,56910000095
95,Catherine,Molina,56910000096
96,Brian,Molina,56910000097
97,Chris,Molina,56910000098
98,Jimmy,Molina,56910000099
99,Doris,Molina,56910000100
100,Edward,Molina,56910000101
